name,phone,city,category
jix steelworx & cctv,0817119730,johannesburg,security-cctv
CCTV Security Surveillance Cape Town,0215529303,cape-town,security-cctv
Data Connectivity Solutions PTY Ltd,0824531575,johannesburg,security-cctv
BD Security,0727804126,johannesburg,security-cctv
HPS Security Cctv,0796322239,johannesburg,security-cctv
Security Solutions Gate & Garage Motors Alarms CCTV,0765934849,johannesburg,security-cctv
CCTV Alarms and Security Solutions,0736142093,johannesburg,security-cctv
Nanotex CCTV & security Solutions,0628944831,johannesburg,security-cctv
Intellisec Johannesburg,0860468377,johannesburg,security-cctv
Commander Security Solutions,0609312360,johannesburg,security-cctv
CCTV Pros Pretoria,0872500364,pretoria,security-cctv
Fox Security,0118673770,alberton,security-cctv
GUERILLA SECURITY SYSTEMS,0818888000,johannesburg,security-cctv
Smart Guy CCTV Cameras,0796849664,johannesburg,security-cctv
Security Solutions Company Worcester,0230220014,cape-town,security-cctv
CCTV Installers Soweto,0729828228,johannesburg,security-cctv
Memeza Alarms CCTV & Electric fencing,0799772255,johannesburg,security-cctv
Overberg Technologies Hermanus,0765480741,hermanus,security-cctv
CCTV Security Surveillance Durban,0315634214,durban,security-cctv
